round, Mean_Train_Loss, Test_Loss, 
0, 14.070341043980395, 10.68225383758545, 
1, 11.44556767041566, 7.803049087524414, 
2, 8.053392573555962, 5.116781234741211, 
3, 4.989195269737087, 3.3641958236694336, 
4, 3.2534252547338363, 2.36535906791687, 
5, 2.354307183623314, 1.8957643508911133, 
6, 1.8456154513065932, 1.6344658136367798, 
7, 1.5373060979315492, 1.4773832559585571, 
8, 1.3893896764663398, 1.34371817111969, 
9, 1.289205656310574, 1.2614256143569946, 
